{
  "credentials": {
    "peers": [
      {
        "api_host": "localhost", //replace with your hostname or ip of a peer                                        //replace with your https port (optional, omit if n/a)
        "api_port": 7050,        //replace with your http port
        "id": "jdoe"             //unique id of peer
      }
    ],
    "users": [
      {
        "enrollId": "alice",                  //enroll username
        "enrollSecret": "CMS10pEQlB16"                          //enroll's secret
      }
    ]
  }
}